{"cameraMode":{"drawMode":0,"name":"Shaded","section":"Shading Mode"},"sceneLighting":true,"audioPlay":false,"sceneViewState":{"showFog":true,"showMaterialUpdate":false,"showSkybox":true,"showFlares":true,"showImageEffects":true,"showParticleSystems":true},"in2DMode":false,"pivot":{"x":10.148358345031739,"y":3.434567451477051,"z":-5.393949508666992},"rotation":{"x":0.05447752773761749,"y":0.7075250744819641,"z":-0.05487033724784851,"w":0.7024467587471008},"size":11.438584327697754,"orthographic":false}