{"cameraMode":{"drawMode":0,"name":"Shaded","section":"Shading Mode"},"sceneLighting":true,"audioPlay":false,"sceneViewState":{"showFog":true,"showMaterialUpdate":false,"showSkybox":true,"showFlares":true,"showImageEffects":true,"showParticleSystems":true},"in2DMode":false,"pivot":{"x":64.37306213378906,"y":7.478519916534424,"z":44.85496139526367},"rotation":{"x":0.20874802768230439,"y":-0.4962349236011505,"z":0.12427989393472672,"w":0.8335054516792297},"size":9.321611404418946,"orthographic":true}